一百多年来中华民族矢志不渝的奋斗目标是什么？,强国富民。
中华民族正信心百倍推进从__________到__________到__________的伟大飞跃。,站起来、富起来、强起来
社会共识中的“四个尊重”指的是尊重什么？,尊重劳动、尊重知识、尊重人才、尊重创造。
改革开放的地位被称作什么？,强国之路。
改革开放是决定当代中国命运的什么？,关键抉择/关键一招。
改革开放是实现中华民族伟大复兴的什么？,关键一招。
改革开放是当代中国最鲜明的什么？,特色。
我国成为世界经济增长的主要__________和__________。,稳定器和动力源，重要力量
从2012年至今，中国新的历史方位是什么？,中国特色社会主义新时代。
中国共产党在新时代的初心和使命是什么？,为中国人民谋幸福、为中华民族谋复兴。
党的基本路线的核心内容是什么？,以经济建设为中心，坚持四项基本原则和坚持改革开放。
全面建设社会主义现代化国家的首要任务是什么？,高质量发展。
如何做到高质量发展？,转变发展方式、优化经济结构、转换增长动力。
我国现阶段社会的主要矛盾是什么？,人民日益增长的美好生活需要和不平衡不充分的发展之间的矛盾。
我国经济发展阶段有何变化？,由高速增长阶段转向高质量发展阶段。
如何应对我国区域发展不平衡、城乡发展不平衡不协调等挑战？,促进区域协调发展，坚持中国特色新型城镇化道路，坚持城乡融合发展。
发展的根本目的是什么？,增进民生福祉。
党和政府坚持什么发展思想？,以人民为中心的发展思想。
中国特色社会主义的本质要求是什么？,共同富裕。
中国特色社会主义最本质的特征是什么？,中国共产党的领导。
党的奋斗目标是什么？,人民对美好生活的向往。
党在社会主义初级阶段的奋斗目标是什么？,把我国建成富强民主文明和谐美丽的社会主义现代化强国。
从文明发展角度看，创新的重要性是什么？,创新是推动人类社会向前发展的重要力量。
从国际竞争角度看，创新的重要性是什么？,创新已经成为世界主要国家发展战略的重心。
从国家发展角度看，创新是引领发展的__________。,第一动力
创新是一个__________，一个__________，也是中华民族__________，创新驱动是国家__________。,民族进步的灵魂、国家兴旺发达的不竭动力、最深沉的民族禀赋、命运所系
__________是__________的生命，需要__________的时代精神。,创新、改革开放、改革创新
实施创新驱动发展战略，要把创新摆在国家发展全局的什么位置？,核心位置。
实施创新驱动发展战略，要推进以什么为核心的全面创新？,科技创新。
改革与创新的关系是什么？,创新是改革开放的生命。
综合国力竞争的决定性因素是什么？,科技创新能力。
在国家层面，建成世界科技创新强国需要坚持哪“三个第一”？,坚持科技是第一生产力、人才是第一资源、创新是第一动力。
在国家层面，建成世界科技创新强国需要实施哪“三个战略”？,科教兴国战略、人才强国战略、创新驱动发展战略。
在国家层面，建成世界科技创新强国需要加快建设哪“三个强国”？,教育强国、科技强国、人才强国。
在企业层面，如何为建设世界科技创新强国做贡献？,加强对关键核心技术的研究，提升创新能力，强化企业科技创新主体地位。
创新的目的是什么？,增进人类福祉，让生活更美好。
发展的目的是什么？,增进民生福祉。
__________是民族振兴、社会进步的基石，是促进人全面发展的__________。,教育、根本途径
社会主义民主政治的本质属性是什么？,人民当家作主。
社会主义民主政治的本质特征是什么？,全过程人民民主。
全过程人民民主的特点是什么？,最广泛、最真实、最管用的民主。
人民民主的真谛是什么？,有事好商量，众人的事情由众人商量。
我国社会主义民主的两种特有形式和独特优势是什么？,选举民主和协商民主。
我国的根本政治制度是什么？,人民代表大会制度。
“找到最大公约数，画出最大同心圆”描述的是我国哪项基本政治制度？,中国共产党领导的多党合作和政治协商制度。
保障少数民族权利的基本政治制度是什么？,民族区域自治制度。
保障人民直接行使民主权利的基本政治制度是什么？,基层群众自治制度。
公民行使民主权利的五种形式（途径）是什么？,民主选举、民主协商、民主决策、民主管理、民主监督。
保障民主决策的四项制度是什么？,社情民意反映制度、专家咨询制度、重大事项社会公示制度、社会听证制度。
民主监督对国家机关和工作人员有何意义？,有利于改进工作，提高效率，防止滥用权力，预防腐败。
民主决策对保障人民利益有何意义？,有利于保障人民利益得到充分的实现。
民主决策对决策科学化有何意义？,有利于决策方认真听取各方意见，集中民智，促进决策的科学化。
法治是人类社会进入现代文明的__________。,重要标志
法治具有固根本、稳预期、利长远的__________作用。,保障
法治是中国式现代化的__________，走法治道路是实现中华民族伟大复兴的__________。,重要保障、必然选择
法治要求实行良法之治，“良法”的定义是什么？,反映最广大人民的利益、维护公民权利、体现社会公平正义。
建设法治中国，国家需要坚持的十六字方针是什么？,科学立法、严格执法、公正司法、全民守法。
__________是党领导人民治理国家的基本方略。,依法治国
全面依法治国是中国特色社会主义的__________和__________。,本质要求、重要保障
全面推进依法治国的总目标是什么？,建设中国特色社会主义法治体系，建设社会主义法治国家。
政府与人民的关系是什么？,政府的权力来源于人民，宗旨是为人民服务，要对人民负责，受人民监督，为人民谋利益。
什么是现代法治政府行使权力的基本准则，其核心是什么？,基本准则是依法行政，核心是规范政府的行政权。
法治与德治的关系是怎样的？,法律与道德相辅相成，法治与德治相得益彰。
中华文化的特点是什么？,源远流长、博大精深；薪火相传、历久弥新。
为什么说中华文化很重要？,它是一个国家、一个民族的灵魂，积淀着最深层次的精神追求，为中华民族的伟大复兴提供精神动力。
文化自信为什么重要？,它是更基础、更广泛、更深厚的自信，是国家民族发展中最基本、最深沉、最持久的力量。
坚定文化自信，事关__________、__________和__________的传承发展。,国运兴衰、文化安全、民族精神
发展中国特色社会主义文化，应如何对待中华优秀传统文化？,推动中华优秀传统文化创造性转化、创新性发展。
发展中国特色社会主义文化，应如何处理不同文化的关系？,继承革命文化、发展社会主义先进文化。不忘本来，吸收外来，面向未来。
中华民族精神的内涵是什么？,以爱国主义为核心的团结统一、爱好和平、勤劳勇敢、自强不息的民族精神。
爱国主义的本质是什么？,坚持爱国与爱党、爱社会主义高度统一。
伟大的民族精神是中华民族发展壮大的__________，维系我国各族人民团结奋斗的__________，是激励中华儿女奋斗的__________。,精神支柱、精神纽带、精神动力
文化最深层的内核是什么？,价值观。
社会主义核心价值观是当代中国精神的__________，是当代中国人评判是非曲直的__________。,集中体现、价值标准
为什么说人口问题是全局性、长期性、战略性问题？,因为人口是社会发展的主体，是影响可持续发展的关键变量。
我国当前的国情中，人口发展呈现哪些特征？,从增量发展转向减量发展，呈现少子化、老龄化、区域人口增减分化等特征。
人类赖以生存的物质基础是什么？,资源。
人类的生存之本、发展之源是什么？,生态环境。
坚持人与自然和谐共生，需要以什么为基础、准则和目标？,以资源环境承载能力为基础，以自然规律为准则，以可持续发展、人与自然和谐共生为目标。
为坚持人与自然和谐共生，我国坚持哪两项基本国策？,节约资源和保护环境。
为坚持人与自然和谐共生，我国贯彻什么样的新发展理念？,创新、协调、绿色、开放、共享。
坚持绿色发展道路，要坚持__________优先、保护优先、自然恢复为主的方针。,节约
判断题：保护生态环境就是保护生产力，改善生态环境就是发展生产力。,正确。
我国各民族的分布格局是怎样的？,大杂居、小聚居、交错居住。
我国处理民族关系的方针是什么？,民族平等、民族团结和各民族共同繁荣。
我国的社会主义新型民族关系是怎样的？,平等团结互助和谐。
新时代党的民族工作的主线是什么？,铸牢中华民族共同体意识。
判断题：维护和促进民族团结，是每个公民的神圣职责和光荣权利。,错误，是神圣职责和光荣义务。
“一国两制”的定义是什么？,一个国家，两种制度。
“一国两制”的地位是什么？,中国特色社会主义的一个伟大创举。
“一国”与“两制”的关系是怎样的？,“一国”是“两制”的前提和基础，“两制”从属和派生于“一国”并统一于“一国”之内。
解决台湾问题的有利条件有哪些？（列举两项）,①实现祖国完全统一是中华民族根本利益所在；②两岸同胞同根同源；③我国综合国力显著增强；④“和平统一、一国两制”的方针引领。（任选两项）
判断题：民族区域地方享有高度自治权。,错误，港澳台享有高度自治权，民族地区享有一定的自治权。
什么是中国梦？其基本内涵是什么？,中国梦是实现中华民族的伟大复兴，基本内涵是国家富强、民族振兴、人民幸福。
第一个百年奋斗目标是什么？何时实现？,到建党一百年时（2021年），全面建成小康社会。【已经实现】
第二个百年奋斗目标是什么？计划何时实现？,到新中国成立一百年时（2049年），全面建成社会主义现代化强国。
进入新时代，党的指导思想包含哪些？,马克思列宁主义、毛泽东思想、邓小平理论、“三个代表”重要思想、科学发展观、习近平新时代中国特色社会主义思想。
实现中国梦必须走中国道路，这里的“中国道路”指的是什么？,中国特色社会主义道路。
实现中国梦必须弘扬中国精神，这里的“中国精神”指的是什么？,以爱国主义为核心的民族精神和以改革创新为核心的时代精神。
实现中国梦必须凝聚中国力量，这里的“中国力量”指的是什么？,全国各族人民大团结的力量。
“五位一体”总体布局指的是什么？,经济建设、政治建设、文化建设、社会建设、生态文明建设。
“四个全面”战略布局指的是什么？,全面建设社会主义现代化国家、全面深化改革、全面依法治国、全面从严治党。
中国自信、民族自信的根本所在是什么？,中国特色社会主义道路、理论体系、制度、文化（四个自信）。
为什么说要共享发展成果？（原因）,共同富裕是中国特色社会主义的本质要求；人民对美好生活的向往是党的奋斗目标；发展的根本目的是增进民生福祉。
共享发展成果的意义是什么？,有利于让人民群众共享发展成果，引领全体人民朝着共同富裕方向稳步前进；有利于缓解社会主要矛盾；有利于促进社会公平正义。